{"temperature": {"mean": 34.198067099819205, "std": 6.107254697185566}, "light": {"mean": 363.5308815051957, "std": 152.91219069574876}}